status,orgao,origem,tipoMeio,generoDocumental,categoria,tipoDocumento,numeroDocumento,processoOriginario,numeroAntigo,dataAbrangente,descricaoDocumento,partes,documentosRelacionadosIds,palavrasChave,dataArquivamento,quantidadeVolumes,quantidadeApensos,apensos,totalMidias,midias,digitalizado,tipoBaixa,dataBaixa,tipoPlanoClassificacao,codigoClassificacaoArquivistica,alteracaoDestinacaoFinal,necessidadeReclassificacao,segredoJustica,grauSigilo,codigosCaixa,codigoAtoM,observacoesGerais,codigoClassificacaoJudicialId,numeroListagemEliminacao,numeroDocumentoTransferencia
Arquivado,TRF2,"Vara Federal - VF","Não digital",Textual,"Processo Judicial","Ação Ordinária","TESTE-IMP-001","","","01/2021","Processo de teste de importação 001, referente a questões cíveis.","[]","","importacao;civil","15/01/2021","1","0","[]","0","[]","Não","","","Judicial","020.1","Não Alterar","Não","Não","Ostensivo","CX-IMP-01","","","","",""
Arquivado,SJRJ,"Secretaria de Administração","Digital",Textual,"Processo Administrativo","Processo Licitatório","TESTE-IMP-002","","","02/2021","Processo de teste de importação 002, licitação para material de escritório.","[{""id"":""p_imp_1"",""nome"":""Empresa Fornecedora Ltda"",""tipoParte"":""Interessado""}]","","licitacao;material","20/02/2021","2","0","[]","0","[]","Sim","","","Administrativo","045.2","Não Alterar","Não","Não","Ostensivo","CX-IMP-02","","","","",""
Arquivado,SJES,"Gabinete X","Digital",Textual,"Documento","Portaria","TESTE-IMP-003","","","03/2021","Processo de teste de importação 003, portaria de designação.","[]","","portaria;designacao","05/03/2021","1","0","[]","0","[]","Sim","","","Administrativo","030.5","Não Alterar","Não","Não","Ostensivo","CX-IMP-03","","","","",""
Arquivado,TRF2,"Vara Cível - VC","Híbrido",Textual,"Processo Judicial","Execução Fiscal","TESTE-IMP-004","","","04/2021","Processo de teste de importação 004, execução fiscal.","[{""id"":""p_imp_2"",""nome"":""União Federal"",""tipoParte"":""Autor""}]","","execucao;fiscal","10/04/2021","3","1","[{""id"":""ap_imp_1"",""numeroApenso"":""AP-TESTE-01"",""caixaApenso"":""CX-IMP-04""}]","0","[]","Sim","","","Judicial","020.1","Não Alterar","Não","Não","Ostensivo","CX-IMP-04","","","","",""
Arquivado,SJRJ,"Juizado Especial - JE","Digital",Textual,"Processo Judicial","Procedimento do Juizado Especial Cível","TESTE-IMP-005","","","05/2021","Processo de teste de importação 005, pequenas causas.","[{""id"":""p_imp_3"",""nome"":""Maria da Costa"",""tipoParte"":""Réu""}]","","juizado;pequenas causas","15/05/2021","1","0","[]","0","[]","Sim","","","Judicial","020.1","Não Alterar","Não","Não","Ostensivo","CX-IMP-05","","","","",""
Arquivado,TRF2,"Diretoria Geral","Digital",Textual,"Processo Administrativo","Designação de Comissão","TESTE-IMP-006","","","06/2021","Processo de teste de importação 006, designação de comissão.","[]","","comissao;designacao","01/06/2021","1","0","[]","0","[]","Sim","","","Administrativo","030.5","Não Alterar","Não","Não","Ostensivo","CX-IMP-06","","","","",""
Arquivado,SJES,"Vara de Família","Não digital",Textual,"Processo Judicial","Inventário","TESTE-IMP-007","","","07/2021","Processo de teste de importação 007, inventário e partilha.","[{""id"":""p_imp_4"",""nome"":""Espólio de José Pereira"",""tipoParte"":""Inventariado""}]","","inventario;familia","05/07/2021","5","0","[]","0","[]","Não","","","Judicial","020.1","Guarda Permanente – Decisão da CPAD","Não","Sim","Reservado","CX-IMP-07","","","","",""
Arquivado,SJRJ,"Secretaria de Gestão de Pessoas","Digital",Textual,"Documento","Certidão","TESTE-IMP-008","","","08/2021","Processo de teste de importação 008, certidão de tempo de serviço.","[{""id"":""p_imp_5"",""nome"":""Carlos Souza"",""tipoParte"":""Requerente""}]","","certidao;rh","12/08/2021","1","0","[]","0","[]","Sim","","","Administrativo","045.2","Não Alterar","Não","Não","Ostensivo","CX-IMP-08","","","","",""
Arquivado,TRF2,"Secretaria de Orçamento e Finanças","Híbrido",Textual,"Processo Administrativo","Prestação de Contas","TESTE-IMP-009","","","09/2021","Processo de teste de importação 009, prestação de contas de convênio.","[]","","contas;convenio","18/09/2021","4","2","[{""id"":""ap_imp_2"",""numeroApenso"":""AP-CONTAS-01""},{""id"":""ap_imp_3"",""numeroApenso"":""AP-CONTAS-02""}]","1","[{""id"":""m_imp_1"",""tipoMidia"":""CD-R"",""numeroMidia"":""CD001""}]","Não","","","Administrativo","045.2","Não Alterar","Não","Não","Ostensivo","CX-IMP-09","","","","",""
Arquivado,TRF2,"Gabinete do Desembargador Z","Digital",Textual,"Processo Judicial","Agravo de Instrumento","TESTE-IMP-010","","","10/2021","Processo de teste de importação 010, agravo de instrumento.","[]","","agravo","22/10/2021","1","0","[]","0","[]","Sim","","","Judicial","020.1","Não Alterar","Não","Não","Ostensivo","CX-IMP-10","","","","",""
Arquivado,TRF2,"Secretaria de Planejamento","Digital",Textual,"Documento","Relatório de Atividades","TESTE-IMP-011","","","11/2021","Processo de teste de importação 011, relatório trimestral.","[]","","relatorio;planejamento","08/11/2021","1","0","[]","0","[]","Sim","","","Administrativo","030.5","Não Alterar","Não","Não","Ostensivo","CX-IMP-11","","","","",""
Arquivado,SJRJ,"Diretoria do Foro","Digital",Textual,"Processo Administrativo","Autorização de Viagem","TESTE-IMP-012","","","12/2021","Processo de teste de importação 012, autorização de viagem.","[]","","viagem;diaria","03/12/2021","1","0","[]","0","[]","Sim","","","Administrativo","030.5","Não Alterar","Não","Não","Ostensivo","CX-IMP-12","","","","",""
Arquivado,SJES,"Vara de Execução Fiscal","Não digital",Textual,"Processo Judicial","Embargos à Execução","TESTE-IMP-013","","","01/2022","Processo de teste de importação 013, embargos à execução fiscal.","[]","","embargos;execucao","14/01/2022","2","0","[]","0","[]","Não","","","Judicial","020.1","Não Alterar","Não","Não","Ostensivo","CX-IMP-13","","","","",""
Arquivado,TRF2,"Secretaria de Gestão de Pessoas","Não digital",Textual,"Processo Administrativo","Termo de Posse","TESTE-IMP-014","","","02/2022","Processo de teste de importação 014, termo de posse de servidor.","[{""id"":""p_imp_6"",""nome"":""Ana Lima"",""tipoParte"":""Servidor""}]","","posse;servidor","01/02/2022","1","0","[]","0","[]","Não","","","Administrativo","045.2","Não Alterar","Não","Não","Ostensivo","CX-IMP-14","","","","",""
Arquivado,TRF2,"Protocolo Geral","Digital",Textual,"Documento","Ofício Recebido","TESTE-IMP-015","","","03/2022","Processo de teste de importação 015, ofício do MPF.","[]","","oficio;mpf","10/03/2022","1","0","[]","0","[]","Sim","","","Administrativo","030.5","Não Alterar","Não","Não","Ostensivo","CX-IMP-15","","","","",""
Arquivado,SJRJ,"Vara Federal Ambiental","Não digital",Textual,"Processo Judicial","Ação Civil Pública","TESTE-IMP-016","","","04/2022","Processo de teste de importação 016, ação civil pública ambiental.","[{""id"":""p_imp_7"",""nome"":""Associação Ambiental"",""tipoParte"":""Autor""}]","","ambiental;acp","25/04/2022","10","0","[]","0","[]","Não","","","Judicial","020.1","Não Alterar","Não","Não","Ostensivo","CX-IMP-16","","","","",""
Arquivado,TRF2,"Diretoria Geral","Digital",Textual,"Processo Administrativo","Designação de Comissão","TESTE-IMP-017","","","05/2022","Processo de teste de importação 017, comissão de inventário.","[]","","comissao;inventario","09/05/2022","1","0","[]","0","[]","Sim","","","Administrativo","030.5","Não Alterar","Não","Não","Ostensivo","CX-IMP-17","","","","",""
Arquivado,TRF2,"Secretaria de Engenharia","Não digital",Textual,"Documento","Parecer Técnico","TESTE-IMP-018","","","06/2022","Processo de teste de importação 018, parecer sobre reforma.","[]","","parecer;engenharia","16/06/2022","1","0","[]","0","[]","Não","","","Administrativo","045.2","Não Alterar","Não","Não","Ostensivo","CX-IMP-18","","","","",""
Arquivado,SJES,"Vara Criminal","Não digital",Textual,"Processo Judicial","Ação Penal","TESTE-IMP-019","","","07/2022","Processo de teste de importação 019, ação penal por crime financeiro.","[{""id"":""p_imp_8"",""nome"":""Réu Exemplo"",""tipoParte"":""Réu""}]","","penal;crime financeiro","20/07/2022","8","3","[{""id"":""ap_imp_4"",""numeroApenso"":""AP-CRIME-01""}]","0","[]","Não","","","Judicial","020.1","Guarda Permanente – Decisão da CPAD","Não","Sim","Secreto","CX-IMP-19","","","","",""
Arquivado,SJRJ,"Secretaria de Tecnologia da Informação","Digital",Iconográfico,"Documento","Planta de Rede","TESTE-IMP-020","","","08/2022","Processo de teste de importação 020, planta da rede do datacenter.","[]","","planta;rede;ti","28/08/2022","1","0","[]","0","[]","Sim","","","Administrativo","045.2","Não Alterar","Não","Não","Ostensivo","CX-IMP-20","","","","",""
